"distance_geometry_1_1","distance_geometry_2_1","distance_geometry_2_2","distance_geometry_3_1","distance_geometry_3_2","distance_geometry_3_3","distance_geometry_4_1","distance_geometry_4_2","distance_geometry_4_3","distance_geometry_4_4","distance_geometry_5_1","distance_geometry_5_2","distance_geometry_5_3","distance_geometry_5_4","distance_geometry_5_5","angles_0s","angles_mean","angles_meanse","angles_quant_min","angles_quant_05","angles_quant_10","angles_quant_25","angles_quant_median","angles_quant_75","angles_quant_90","angles_quant_95","angles_quant_max","angles_range","angles_sd","angles_vcoef","angles_mad","angles_iqr","angles_skew","angles_kurt","speed_0s","speed_mean","speed_meanse","speed_quant_min","speed_quant_05","speed_quant_10","speed_quant_25","speed_quant_median","speed_quant_75","speed_quant_90","speed_quant_95","speed_quant_max","speed_range","speed_sd","speed_vcoef","speed_mad","speed_iqr","speed_skew","speed_kurt","acceleration_0s","acceleration_mean","acceleration_meanse","acceleration_quant_min","acceleration_quant_05","acceleration_quant_10","acceleration_quant_25","acceleration_quant_median","acceleration_quant_75","acceleration_quant_90","acceleration_quant_95","acceleration_quant_max","acceleration_range","acceleration_sd","acceleration_vcoef","acceleration_mad","acceleration_iqr","acceleration_skew","acceleration_kurt","label","ID"
0.00183895757353888,0.0023578305109339,0.00160783475692942,0.013332221177865,0.0401450878714932,0.0344253113393289,0.00596051630657918,0.00213771467481587,0.00331028934067255,0.00166613779590819,0.00239359422391827,0.0261496078844758,0.0410527788879865,0.00933539438393715,0.0187655981445054,"0","-0.10660661684028","0.0722423944884932","-3.14143847293952","-3.08830769285976","-3.02593647391328","-2.71227194845304","-0.156949291906734","2.4884220109066","3.02906220960107","3.09043467778032","3.14101206898715","6.28245054192667","2.33534085771124","-21.9061529849512","3.84234562563679","5.20069395935964","0.0828540844201147","-1.51978638172011","0","0.0917344773969762","0.00699454109576656","1.25030851307166e-05","0.000541480318163778","0.0012840907027591","0.00555942028714997","0.0252079652189702","0.0818690223137982","0.20362361396277","0.361009595741439","2.5701213894908","2.57010888640567","0.22610875120544","2.46481756501393","0.03446728849462","0.0763096020266482","6.06864741713599","46.0812416617777","0","0.000423007082558567","4.34433987094713e-05","8.21747559696422e-09","4.21143805151038e-07","1.12174587631023e-06","1.24709757166706e-05","7.33892630193704e-05","0.000284276747224434","0.000807205545921739","0.0016699948446332","0.0234741563743942","0.0234741481569186","0.00140437127980618","3.31997107781698","0.00010646571874077","0.000271805771507763","8.7939808339561","104.104181207159","F","116"
0.00398964612388275,0.000791442902727429,0.00718795613402779,0.000500835129695105,0.00680088379673891,0.018783832434427,0.000535438123682989,0.0017840443050081,0.0023160656686363,0.0166783308004681,0.00123344238663513,0.0173729684114474,0.0129435724014309,0.00706599621241232,0.0166754438001262,"0","-0.0449760504927353","0.0370343615231012","-3.14132467342975","-3.08521685198649","-3.01241312227771","-2.48553635288597","-0.0452594738460168","2.37048724546751","2.98164641443358","3.07253851248579","3.14141593122328","6.28274060465303","2.25362534274625","-50.1072308052097","3.6000277897297","4.85602359835348","0.0189959892576918","-1.47671554417258","0","0.105276890118127","0.0039662673544902","6.68748879514985e-06","0.00152326240904836","0.00286152386970274","0.00852530622793773","0.0316760087635101","0.0969409866151818","0.253048784599345","0.443253175065737","3.55306884974313","3.55306216225433","0.241356412223028","2.29258683413057","0.0411878142247291","0.0884156803872441","6.3404166483272","56.8448373887846","0","0.000494687555516034","2.96577784580379e-05","1.14712224588518e-09","8.48241005384185e-07","2.06474112094542e-06","1.69026292494159e-05","8.94029513605665e-05","0.000326936386753828","0.0010578179794836","0.00208387692215294","0.0462907559411157","0.0462907547939935","0.00180474344348819","3.64824912889828","0.000127158611090803","0.000310033757504412","12.642475404188","225.930019944482","M","118"
0.00176662212297578,0.00188529797129961,0.00173353897171735,0.0022395578299198,0.00315067631443191,0.00435260949294974,0.00145581497867744,0.00517943295744614,0.00269715989131601,0.00341664767900719,0.00257935156582741,0.00291968878276612,0.00261612725508596,0.0069838480795354,0.00481146256192377,"0","-0.0152044294892455","0.0387654489663599","-3.14112036647584","-3.0846306438816","-3.00229550961224","-2.48836476559739","0.00396424345933122","2.46646113007198","3.00701707704127","3.08512735155444","3.14139503406931","6.28251540054515","2.27860394012688","-149.864481382783","3.67875681099725","4.95482589566937","0.0115371169497003","-1.4966657237357","0","0.191190626687059","0.00593335726478725","4.72995718793894e-05","0.00160753589090458","0.00341787758047341","0.0175413791498498","0.0702920495096935","0.207720388350017","0.501359418791209","0.788333734063149","4.3452457770206","4.34519847744872","0.348758278369404","1.82413899892829","0.0940761685043871","0.190179009200167","4.74691472325232","33.7816465920037","0","0.000805293938441845","4.57158051757936e-05","2.62984811750145e-08","1.42282556065741e-06","4.55005108469313e-06","3.85229048053768e-05","0.00020124450422977","0.000642486596784243","0.00185488513194256","0.00314401766234918","0.0739438624908908","0.0739438361924096","0.00268714065171879","3.33684450291295","0.000281125663151586","0.000603963691978866","15.5214803602883","348.560168046023","F","125"
0.000939022913470588,0.0055559450133049,0.0073968055571634,0.0010154861336317,0.00529933726786475,0.0028868938120794,0.0180151174580016,0.0284761842901642,0.0186835649924066,0.00468095606966261,0.00176600896668023,0.0145043349339497,0.00877437730045403,0.0282820025451976,0.0169366035890398,"0","-0.00931706173563495","0.0552440922880398","-3.14158025405701","-3.08486542290764","-3.01447156394455","-2.47473701049333","0.0337797426506166","2.41385231463848","3.00622446592113","3.07743433208086","3.14157216864615","6.28315242270316","2.2569088027489","-242.233964611065","3.64296714661908","4.8885893251318","-0.00680716609334829","-1.46377081749767","0","0.111836069208954","0.00597029254510692","7.24435561558876e-05","0.000943138209582835","0.00214940374120427","0.00879307100439832","0.0346215978799429","0.115220165572359","0.261314230663097","0.456343260703299","3.14826531394113","3.14819287038497","0.243906728158064","2.18093080240821","0.0469140966415597","0.106427094567961","6.22715867915105","55.3903164020709","0","0.000481085037536989","3.80178080619629e-05","2.39573667473821e-08","6.94934580657975e-07","2.06055596133986e-06","1.90426538007811e-05","0.000104004251358568","0.000356878392837348","0.000993344209145093","0.00213096315266218","0.0351829899976631","0.0351829660402963","0.00155315658421703","3.22844500042804","0.000147658583681411","0.000337835739036567","11.1548830009141","187.921430121036","F","131"
0.000515654557626203,0.00296932267309611,0.00212041197263112,0.00131389867657122,0.00872538151114528,0.00887122395258832,0.0167572565405603,0.0197420915393925,0.00682191737216369,0.00314347006652001,0.00224624971309349,0.00169282922940618,0.0155039641090741,0.0187418064021567,0.00108615295378236,"0","-0.0192880622275695","0.0542149843354147","-3.1402104038946","-3.09347420700903","-3.03455695855458","-2.61187827236022","-0.0228515810454111","2.51299519435029","3.03821657410356","3.09620969105585","3.1415207459002","6.2817311497948","2.297589843635","-119.119785934272","3.79429904207579","5.12487346671051","0.00980229824032391","-1.47755051951785","0","0.130268439712442","0.0066542936327244","4.70944617449216e-05","0.00109855353031039","0.00245751133574851","0.00951008679782877","0.0408129038190996","0.129875595009498","0.321345393705327","0.535552606318879","5.22137878551336","5.22133169105161","0.282003908228109","2.1647907110165","0.0554691425807797","0.120365508211669","7.47105870163568","94.312183636001","0","0.000505751063302442","2.91930801399262e-05","1.35656019498414e-08","7.94277773555602e-07","2.33560438844341e-06","2.04085476417604e-05","0.000117597840924995","0.000449783743240296","0.00120749876331394","0.0021351687492075","0.0158713890313527","0.0158713754657508","0.00123718055545213","2.44622432896852","0.000168773371872482","0.000429375195598536","5.89427276299402","46.1752206809916","M","144"
0.000185345369510518,0.000852423273512764,0.00119086990151617,0.00237250671083801,0.00617805434256762,0.00816095543722155,0.00218859725447425,0.00333891030758826,0.0113132003582924,0.00954267696467869,0.0111969124776644,0.0101749124871324,0.0312162791446745,0.0353013144784325,0.0173779858731298,"0","0.0801403180382995","0.0576082372806298","-3.1400665793345","-3.07962098071042","-2.99360393511048","-2.2836914286777","0.0999359095827871","2.51010617730855","3.00120252021152","3.07860241533003","3.14029354904621","6.28036012838071","2.25483085661755","28.1360357908731","3.5618531253539","4.79379760598624","-0.0473245582944226","-1.46921064131203","0","0.134459182679812","0.00659744257242841","5.68652700189463e-05","0.00113127825841106","0.00276037023103759","0.00906082275313612","0.041012090723367","0.142102973632807","0.370664929676468","0.57604814081475","2.7961803122704","2.79612344700038","0.258228992749892","1.92050098478446","0.0548543651625967","0.133042150879671","4.46501457493224","28.0853907966418","0","0.000564372710617351","4.03278333462916e-05","7.54764919652128e-09","7.5791313269363e-07","2.19491572738263e-06","1.9426408141733e-05","0.000107415654203796","0.000453432078834689","0.00128901235100061","0.00244146082460759","0.0242153676636547","0.0242153601160055","0.00157846251338649","2.79684414871842","0.000153707955315957","0.000434005670692956","7.66165190633164","82.243575764576","M","161"
0.00347727695943118,0.000542692947527362,0.0066029068130903,0.00508764058330586,0.00581256817263914,0.0110717809453912,0.000613514648084569,0.00116386295903355,0.00144725957364475,0.0127432104411879,0.0023269640617626,0.00792596741199441,0.00352225135203952,0.0101976534848915,0.0191074029803411,"0","0.0175002694444475","0.0412866500964871","-3.14108904037197","-3.10225547648358","-3.04486589679206","-2.59517736715437","0.0435302179501804","2.60763887914495","3.04668042003558","3.10278306417166","3.1415394142391","6.28262845461107","2.30983956163062","131.988799884649","3.85960609877032","5.20281624629932","-0.0153969709625657","-1.46644297282207","0","0.182134506497343","0.00629418314384717","7.4416749507514e-06","0.00139049360522317","0.00275936493282193","0.0111331477627769","0.0538419964496418","0.188640237513918","0.505352733464349","0.799157217415859","4.12318294539189","4.12317550371694","0.352136906235554","1.93338930116842","0.0738340468151166","0.177507089751141","4.52979557895887","29.9328875036079","0","0.000798204365722066","3.65357042424519e-05","9.30710057964307e-10","9.13145200889897e-07","2.64531400655688e-06","2.24482342024684e-05","0.000149545535016459","0.000638943645428023","0.00199292391262959","0.00370564125493771","0.0351403495793418","0.0351403486486318","0.00204404123061637","2.56079936216248","0.000216429942859931","0.000616495411225555","6.46301112695042","63.4697687623472","M","166"
0.00320883593385201,0.000258038686990071,0.00647343764920916,0.000812734012702131,0.00176508929224674,0.0105259986501672,0.000705030879058115,0.00108833255310845,0.00399148286941795,0.00909563317789594,0.00256314966270099,0.00313609961564343,0.00191162086480528,0.00475798346488862,0.0136659218005099,"0","-0.0390021280469206","0.0322105755812149","-3.14156333177201","-3.10372265841725","-3.03807792429669","-2.63600147014544","-0.0236105164060398","2.54876703537954","3.03822763102262","3.09881656458103","3.14131352157827","6.28287685335028","2.29736158211165","-58.9034931465243","3.84375768670383","5.18476850552498","0.0256193324720221","-1.45466629454943","0","0.137610692524169","0.00423628068386848","4.31465089884217e-06","0.0010904221317904","0.00224603657124843","0.00883245705719523","0.036487470367387","0.120038282490055","0.355689939994371","0.65065224357385","3.95262978955792","3.95262547490702","0.302145128379418","2.19565153577256","0.0489409512484864","0.11120582543286","5.14397598343266","37.1986007257746","0","0.000574012986898948","2.26680400748603e-05","1.52612774059407e-09","8.49286320256814e-07","2.12974351114755e-06","1.72909968028618e-05","0.0001053080439845","0.000426130411472571","0.00131494680511042","0.00255830005737086","0.040227147984914","0.0402271464587862","0.00161675733730515","2.81658668741893","0.00015183344151697","0.000408839414669709","8.19210604359272","113.537083486744","F","168"
0.000514861288093318,0.000329411349586326,0.000700499283550367,0.000149596035274612,0.0010496457076595,0.00264718687697308,0.000778947096981781,0.000219882965114587,0.000432892336915749,0.00192336925720456,0.00307184223434313,0.00406159033486081,0.000261992798824814,0.00304711752606297,0.00427974763809814,"0","-0.0531010047531433","0.022763415487107","-3.14154948220576","-3.09575436015987","-3.03079247924843","-2.59607811459936","-0.0416076704210816","2.49542720936686","3.01911667756081","3.08934264546955","3.14154811624982","6.28309759845558","2.2978650379141","-43.273475682738","3.78020479455613","5.09150532396622","0.0303457672551862","-1.4897451633783","0","0.165446619409566","0.00326164585495453","1.78826586361497e-05","0.00161353853938304","0.0029238891571157","0.0112039522971457","0.0491559732090701","0.167636318382492","0.431947155643248","0.730038783747056","4.41562036803798","4.41560248537934","0.329248569064799","1.99005921208785","0.0668754163110874","0.156432366085346","4.77996648133935","32.7443947011081","0","0.000739112246213233","2.00403805628066e-05","9.38067823717707e-09","1.31119237964013e-06","3.36142988090583e-06","2.57950648869807e-05","0.000157981999551194","0.000611905642316725","0.00180500517803785","0.0031721134719769","0.0460094286954053","0.0460094193147271","0.002022986834636","2.73704954152846","0.000226609263534234","0.000586110577429744","8.56439825818634","112.92049444744","M","183"
0.000745001866611287,0.00152980549720726,0.00300908725811722,0.00110199168607154,0.00250023555789225,0.00132279484845544,0.00029182073937669,0.0027954255511799,0.00195481595398604,0.00411018368634733,0.00320798384311177,0.0022634545489539,0.00604590308810428,0.00566414741083452,0.00404671953554238,"0","-0.0312923284047267","0.0308198477806917","-3.14145002053492","-3.08654900625027","-2.99689888681745","-2.47128146773904","-0.0462048239280233","2.39834208032514","2.99348290322863","3.08366194622155","3.14154379686722","6.28299381740214","2.25764588685414","-72.1469446969347","3.60494150053403","4.86962354806418","0.0189391003223789","-1.4833973671792","0","0.162061524569059","0.00472956100935989","2.63508844366401e-06","0.00131243423338413","0.0027940438398749","0.00985797985606623","0.0365646045486618","0.132123825420256","0.469834350572132","0.808973567692953","4.34978458503694","4.34978194994849","0.346454467763351","2.1377959308023","0.0486393808719931","0.12226584556419","4.31541912826405","24.875180393166","0","0.000672420130440404","2.61134883518579e-05","1.79496445223797e-09","7.73484689219797e-07","2.07175066569868e-06","1.89710115152688e-05","0.000116853288613584","0.000489731294048856","0.00162447425228435","0.00302053339908543","0.0431887878223798","0.0431887860274154","0.0019128910041509","2.84478545117031","0.000168952351799827","0.000470760282533587","8.06758423708916","101.43523273658","M","184"
0.00743100605580698,0.00193587019752136,0.0165264389882723,0.00143448503152314,0.0151512360675376,0.036702051977388,0.00443981282564669,0.000718551563541094,0.00586421172322864,0.0305227497750435,0.0179532649844445,0.00918110702003972,0.0101210064521963,0.0149930660353289,0.0527146842664919,"0","0.067063245191394","0.0827116879573843","-3.141336292988","-3.08892719704712","-3.01896294078565","-2.39412398321053","0.079526810038008","2.64335208919583","3.03588057974624","3.09780896767374","3.1407579080099","6.28209420099791","2.25303965943161","33.5957446288438","3.74721036830349","5.03747607240636","-0.0279772572839723","-1.42088850030892","0","0.116382962706864","0.00736424834276922","7.82865547352949e-05","0.00121180536877404","0.00237691408218929","0.0105356611160841","0.0491245670112362","0.131542786385662","0.294798007697878","0.472358115910295","2.01325829310217","2.01318000654743","0.200599745790598","1.72361779701255","0.0656747600889485","0.121007125269578","4.22096716829797","25.1442348227045","0","0.000510786573183561","4.39101304087867e-05","5.03042919263011e-09","9.52648521052857e-07","2.5595657333287e-06","2.15701027733888e-05","0.000120796292484798","0.000473452026423158","0.00125964333120986","0.00221991790111209","0.0133976664194975","0.0133976613890683","0.00119609776689339","2.34167816792544","0.000172672207492804","0.000451881923649769","5.2883815432437","36.8284303518948","F","201"
0.000851476528753365,0.00336501695569922,0.00205672069147566,0.00512393125116417,0.00700886237510826,0.000697364441841572,0.0020524469506481,0.00496732378447722,0.00626244241842775,0.00280685483215647,0.00708476744228467,0.00309482596292308,0.00446696712996362,0.00424047736441574,0.00186678018422596,"0","-0.0367494478091299","0.0601169661248881","-3.1411197162898","-3.0888528147766","-3.02365782286946","-2.52463328728092","-0.0353211150995389","2.53395868570085","3.02458142104455","3.09089582438474","3.14159265358979","6.28271236987959","2.27572693876382","-61.9254730189019","3.74160565802512","5.05859197298177","0.0317081026487755","-1.45839379611546","1","0.120064551571667","0.00771830420975935","0","0.00167150158435306","0.00284026076343761","0.00962487214653195","0.0362308336894933","0.117293931572734","0.265378500701626","0.48002923583092","5.13788763016013","5.13788763016013","0.292176301366143","2.43349346282065","0.0475181002105988","0.107669059426202","7.97381208114923","94.734378086458","0","0.000463833823054994","3.97816163394505e-05","7.43901299466024e-09","7.35898115526071e-07","1.89039704143271e-06","1.89845658331199e-05","0.000102312839248109","0.000353126284872469","0.00105727659421945","0.00185422710453201","0.0350524498996616","0.0350524424606486","0.0015059325479463","3.24670705992856","0.000145493505909795","0.000334141719039349","12.0145892375673","219.076373448247","M","215"
0.00505282632234216,0.0102795520043429,0.020336567932103,0.00214413189373753,0.00201059763069407,0.0150717730843149,0.00151393046279806,0.0191490523619124,0.0263013985539928,0.0145675623857226,0.00382907225946058,0.0129457000465553,0.00711625125055951,0.0447568050740218,0.0674278734003047,"0","-0.0080128051594216","0.0821731342957568","-3.1407270696077","-3.08543038546167","-3.04148043459555","-2.63106445258514","-0.0819670558306292","2.65291694595847","3.05749218587591","3.10514544338235","3.1410836653609","6.28181073496859","2.33435347965785","-291.327872475855","3.858415752909","5.28398139854361","0.0218153970772574","-1.50800219535522","0","0.20160830649149","0.0143909182557218","4.63842307901972e-05","0.00183485079991356","0.00311334841079486","0.0142507576863262","0.0637502358375156","0.18928966997588","0.569212079047084","0.894306876437717","4.94999692802827","4.94995054379748","0.408813542207195","2.02776140190658","0.0862693268173335","0.175038912289554","5.09777929546244","38.5184083853022","0","0.000865340453746407","8.92156059304115e-05","1.81243424601221e-08","1.50091432935066e-06","3.51086369329028e-06","2.81192333258328e-05","0.000178822349060486","0.000690747020936101","0.00202157203060138","0.00353166485793012","0.0404365905633062","0.0404365724389637","0.00253441422100159","2.92880589371396","0.000258836992512193","0.000662627787610268","8.91618635575223","109.260698074308","F","217"
0.000245427218155731,0.000508609110535163,0.000995281146489318,0.000547834296513385,0.000911668695951606,0.00109045091319005,0.000766498441453978,0.00162155191185481,0.000474252110318275,0.00136430311855674,0.00130078235020451,0.000726774478295246,0.000457079883189825,0.00410732285501066,0.00546874661755181,"0","0.0111472007220347","0.0315852094209558","-3.14155946977536","-3.11028418428242","-3.05144622237488","-2.60763058457668","0.0172847784669417","2.59982368517772","3.05045355967897","3.10999471249119","3.14155464232738","6.28311411210274","2.31780350130937","207.926954856725","3.85789448616205","5.20745426975441","-0.0165679434437611","-1.48322069940026","0","0.197563076999124","0.00516446412365837","0.000132948381679403","0.0018691292380744","0.00317470473645373","0.0112256923319008","0.042704542635901","0.18833448704221","0.618507433170336","0.954619532961738","4.68126457119021","4.68113162280853","0.378981594475676","1.91828149385098","0.0576361264803156","0.177108794710309","3.8197138770948","21.5024902838996","0","0.00112132068207877","3.50186937433474e-05","2.74623427048446e-08","1.13753753391837e-06","2.85188519996391e-06","2.82719776851753e-05","0.000173524486783528","0.000901770216734817","0.00321878642985378","0.00576245447517928","0.0407205901932298","0.0407205627308871","0.00256976136798255","2.29172743270781","0.000251971298646903","0.000873498239049642","4.78276646066694","33.9696110752071","M","247"
0.000448163368782765,0.00122203669426774,0.000345938222064955,0.00262277861059807,0.00210937480396064,0.00605802135186319,0.00356975180589572,0.00563481038630035,0.00223102505357049,0.00192951204473092,0.00202936078449784,0.00887768304942471,0.0153173283638863,0.00772919092984027,0.00326211355587431,"0","0.0177495715823367","0.0508357211168523","-3.14147637636564","-3.08660147735259","-3.02366639828061","-2.53173725908423","0.0169374772489651","2.58722343351809","3.02609937139464","3.0910438801451","3.14153834341984","6.28301471978549","2.32958540025641","131.247415716483","3.79594908385582","5.11896069260232","-0.00374786480434784","-1.53606128174582","0","0.191831823145294","0.00873664962217198","1.36557390871822e-05","0.00136820273414903","0.00231962532291059","0.0120659643403512","0.059337338192282","0.187651412744675","0.508942621453036","0.828237793006503","6.18129015370937","6.18127649797029","0.400363582139104","2.08705508593258","0.0821670365976022","0.175585448404324","5.89449804093341","56.5417675968209","0","0.000848855042169074","5.24060203207077e-05","5.49651208656528e-08","1.48010123919814e-06","3.56399378361551e-06","2.88802139420951e-05","0.00018530219420373","0.00075010026887317","0.00209221863703467","0.00339693414403746","0.0490870242208926","0.0490869692557717","0.00240154554991037","2.82915860848716","0.00026718331966994","0.000721220054931075","10.0836578672911","155.195561302332","F","248"
0.00011822370053736,0.00147293784315346,0.00133771005832953,0.00121830254837418,0.00128658026329624,0.000467272800601749,0.000354599816518655,0.00237678477287382,0.00119038506231998,0.00239736501586172,0.000487832737998835,0.000791394195244056,0.00230675429087133,0.00259193766775664,0.000437193729337747,"0","-0.00797438310012553","0.0350217185636895","-3.14150129254381","-3.08885277223358","-3.00601625070271","-2.5056002267855","-0.0118583782877244","2.49861863040154","3.01225055301872","3.08950967061143","3.14141031551205","6.28291160805587","2.28582118397682","-286.645519192681","3.71485365255836","5.00421885718704","0.00583565774191943","-1.50034272308557","0","0.135275362700814","0.00464475627078841","0.000113661809573883","0.00207653976420915","0.00343132901014919","0.00983109263212585","0.035666848728641","0.128090263568784","0.337473397702653","0.576390880818584","5.17898960180575","5.17887593999617","0.303157089760441","2.24103697604513","0.046752018329656","0.118259170936658","6.09688646563239","55.3384086902956","0","0.000598765762915473","2.67431864265776e-05","1.22583212998385e-08","9.09973145478637e-07","2.27283451708249e-06","1.82800227222057e-05","0.000120934263184711","0.000480806141203071","0.00144308003710962","0.00264569050563698","0.0614118631940817","0.0614118509357604","0.00174549235640002","2.91515057223875","0.000174531780918905","0.000462526118480865","13.9784121372414","381.211694535546","M","250"
0.000285849248314843,0.00518668089720517,0.00558383589714885,0.00159314329958869,0.00300004810043877,0.00220427063181222,0.0210305022610058,0.0110942731882552,0.0108037686388417,0.000388272228706011,0.0114387203087902,0.0127752536425016,0.00226632412471477,0.00586218644434398,0.00339696378341403,"0","-0.0792325075997604","0.0518134666530808","-3.14108681084364","-3.08497156874675","-3.00915152752731","-2.56419457347609","-0.0749980223679662","2.47905224263568","3.0031781674894","3.08139891345271","3.14097543277891","6.28206224362255","2.28449799188568","-28.8328371913422","3.72834857463595","5.04324681611178","0.0657103730334773","-1.49303725406886","0","0.150474992626889","0.00687959562357693","6.825174295304e-05","0.00159930852743536","0.00288758103810945","0.00955816787244261","0.045952356318678","0.154691178038779","0.395458975320558","0.63671687376661","3.70735443696105","3.70728618521809","0.303326980460059","2.01579661287757","0.0624723335728616","0.145133010166336","5.05352450866093","36.3270197886362","0","0.000713744454351965","5.19612311456482e-05","2.57307466857749e-09","1.03948082656322e-06","2.6806690510175e-06","1.99670242582393e-05","0.000144789311069772","0.000536553844210466","0.00162915319313228","0.00311704952401493","0.0574834516691294","0.0574834490960548","0.00229101304884572","3.20985057729914","0.000207983648367954","0.000516586819952227","12.6745219045054","247.052651827525","F","251"
0.000192500702090753,0.000767964309317395,0.000385632037241609,0.00308714093146858,0.00322534124547152,0.000380526711673158,0.000502898549703958,0.00203703394764496,0.00385510964685685,0.00308423262473489,0.000351189264476321,0.00222835909125082,0.00126234088138152,0.0022146073435922,0.00390981589727838,"0","-0.0117207936925971","0.0277977009556258","-3.14144224158283","-3.09243473457979","-3.03736864264536","-2.6047474566986","0.00644996699675954","2.55683338802162","3.02287753623555","3.09591014005621","3.14159265358979","6.28303489517262","2.32156573124009","-198.072399542909","3.82096999406368","5.16158084472022","-0.00120275649420136","-1.51846576149278","1","0.167801323085865","0.0041730406433402","0","0.00170143611580871","0.00303236941484447","0.0113244624150435","0.0555184408103406","0.164570091889778","0.413103437652986","0.724557114856023","5.66094655829064","5.66094655829064","0.348517604679463","2.07696577279742","0.0751629404147385","0.153245629474734","5.45154941526041","44.3745411588069","0","0.0008043221501187","2.47835644258427e-05","8.57313913460811e-09","1.28451852366761e-06","3.11752581537594e-06","2.82720160638542e-05","0.000186377500046297","0.000700947180738926","0.00200963474335774","0.00342423164368501","0.0509674472719312","0.050967438698792","0.00206983570191164","2.57339139747199","0.000268497975931422","0.000672675164675072","8.62623868256134","125.006883173737","F","252"
0.000441380232132806,0.000430241195931361,0.000552416531781651,0.000522711064658777,0.000190936034945215,0.00065899141701463,0.000715745685059812,0.00148041079368084,0.0010923352071756,0.00161228409367768,0.000780796024504535,0.00250997908068527,0.00139599491549234,0.00339229229424215,0.0028179897888095,"0","-0.0484917931976317","0.0332753058578623","-3.14148547135712","-3.09397462591978","-3.01947749579419","-2.57377422640291","-0.079920127605166","2.52033349703987","3.01880859198716","3.0893551117246","3.14152206506719","6.2830075364243","2.29503139990445","-47.3282435762045","3.75898329445896","5.09410772344279","0.0426876424434899","-1.4936422998599","0","0.16985747755335","0.00503054193021394","0.000126505286601279","0.00216809813975764","0.00398204050275227","0.0117973912445322","0.047714445923223","0.170444194183761","0.435149405708426","0.743385902012257","4.81089229664199","4.81076579135539","0.346961549735809","2.04266279432316","0.0631368081815761","0.158646802939229","4.95382293299142","34.609498097542","0","0.00077569935756344","2.82960960805821e-05","5.52531036456919e-09","1.31932589385856e-06","3.1701253283298e-06","2.48415047322744e-05","0.000165049400137951","0.00065548953377283","0.00196226110534507","0.00349590091525353","0.0334699281128137","0.0334699225875034","0.00195161028051994","2.51593644044023","0.000237723001553574","0.000630648029040556","6.86956127495251","70.2359969210824","F","253"
0.00245495831980489,0.000147196181797029,0.00480292454469496,0.000401059042056662,0.000277537532238484,0.00683134945525228,0.00423503553333129,0.00399201404009039,0.00527155292903821,0.0136810769112571,0.000266456092652401,0.0061396661148416,0.00883342911880331,0.00521340812937218,0.0143773896869723,"0","-0.0191714191317443","0.0361834295509796","-3.14125897823148","-3.10185423762924","-3.0464089458151","-2.65670405668169","0.000226716154187401","2.61427061462449","3.03871433824973","3.09715098375703","3.14147263284386","6.28273161107534","2.33011172707903","-121.540909990372","3.90291160899347","5.27097467130618","0.00869149135689551","-1.50431166819136","0","0.172551185153532","0.00562353572694636","7.75010186437245e-05","0.00152770068451569","0.0028971266937557","0.00981988537691397","0.0447466599416438","0.168141474848909","0.466686489104354","0.803292725319635","5.16790053177082","5.16782303075217","0.362139982517242","2.09873946791509","0.060929921670506","0.158321589471995","5.31844921807335","43.9097554709627","0","0.000811401832536859","3.77054522793909e-05","5.00334621103312e-09","1.21485966432359e-06","3.18590713383338e-06","2.28602453789322e-05","0.000153478170471644","0.000618612899448564","0.0020003436617159","0.00356486834071482","0.0605563760790113","0.060556371075665","0.0024281257365956","2.99250708986451","0.000220436941653247","0.000595752654069632","10.6286007778408","176.380616169927","F","255"
0.00037440647071441,0.000824220377736761,0.000222327327003796,0.000488793647655691,0.00215771908871342,0.0026237100310374,0.00257374586584719,0.00104506716523605,0.000909902777554324,0.000847767792624286,0.00211274846627,0.00248545432287048,0.00154708027320659,0.00468725153022997,0.00336473745563367,"0","-0.0147668476420378","0.0250398924685074","-3.14144704612884","-3.06802873699929","-2.97676065212044","-2.40657605966955","-0.0339668593227627","2.40796104690718","2.98537743929161","3.07669048511245","3.1415055049573","6.28295255108615","2.24215424325409","-151.837026940754","3.56332549094316","4.81453710657673","0.0180938048342728","-1.48082354013643","0","0.131116657223853","0.00296610534478675","6.8057640164472e-05","0.00240924025341234","0.00421569862301095","0.0121458776869318","0.0442910526347007","0.131259616083561","0.327580460101546","0.529485421178552","4.16233212070376","4.16226406306359","0.265594818073461","2.02563750248769","0.0563029550125292","0.119113738396629","5.4584072695341","43.3239907589083","0","0.00060025463162728","1.73915052710583e-05","1.40431466783227e-08","1.1436216882974e-06","2.55920615164816e-06","2.07012388591391e-05","0.000139652308881758","0.000517975202129657","0.00142655743392388","0.00258627189916024","0.0394112424402201","0.0394112283970734","0.00155729252388454","2.59438651837261","0.000200674565007587","0.000497273963270518","7.7503321228546","101.00853780033","F","256"
0.00030266425968557,0.000765386793902699,0.00135618579812151,0.000255743081765817,0.000373955265389414,0.00100598451473354,0.000662986377734319,0.00215217043741376,0.00137786937836277,0.00175721768772897,0.0111432454668787,0.00562698203886409,0.00627184292130915,0.00731392564958397,0.00599444826756395,"0","0.027461249947064","0.0310954057243101","-3.14157218617734","-3.09628515172578","-3.03481268399238","-2.5741244421044","0.0174088421188802","2.61574621607384","3.03855284755281","3.09306591552173","3.1406722022469","6.28224438842424","2.30441923710069","83.9153076259397","3.84726212694275","5.18987065817824","-0.0226706495383211","-1.47053296783771","0","0.130481802457574","0.00387723522701417","4.10448204090648e-06","0.0013466018687045","0.00248443220786097","0.00955739148367396","0.0388827072083077","0.129917966305694","0.335201552983021","0.553122539326888","7.6950455355339","7.69504143105186","0.287334261630514","2.20210217991081","0.0522424066538927","0.12036057482202","8.06835495028147","127.169689839618","0","0.000597472845308375","2.42585586011728e-05","2.53051875524408e-08","1.13458043489119e-06","2.86054564743509e-06","2.06189785803107e-05","0.000129720825231552","0.000493885411823039","0.00141961048591602","0.00248917630352651","0.0489334177123002","0.0489333924071127","0.00179775397049003","3.00893000344167","0.000185756951281153","0.000473266433242728","11.5912510055569","213.653311104806","M","257"
0.00190662705410977,0.00102208676113972,0.00482716936668687,0.00062640740160734,0.000271239126776904,0.0061770642930611,0.000526426740795549,0.0015203385325218,0.00854808530721996,0.00364383746556586,0.00265683883712622,0.00402035490541473,0.00051212043246888,0.00386366518589727,0.0116076398385255,"0","-0.086392952300939","0.0456988808157405","-3.1414792316811","-3.09951566105712","-3.03792687938654","-2.64220598937364","-0.126735468769235","2.52996386608098","3.03955232796762","3.09943183550681","3.14152705834297","6.28300629002407","2.32166506496111","-26.8733155092776","3.7848996470806","5.17216985545462","0.0631980004961757","-1.50895553975093","0","0.220628596224753","0.00810097386812472","4.65197393491868e-05","0.00171933576211359","0.0036351285029657","0.01429339233451","0.0703479916332991","0.232902076641519","0.627310004879725","0.975947413486604","5.26082418847664","5.26077766873729","0.411558175737859","1.86538908727229","0.0952334015076805","0.218608684307009","4.28858874384893","27.166265691744","0","0.00105766022138335","5.04669422459668e-05","3.70107990826634e-08","1.90349618979593e-06","4.805099620771e-06","3.7041522827007e-05","0.000250228028283842","0.000982188983871254","0.00262225279358678","0.00457752893871971","0.0551590637631713","0.0551590267523722","0.00256389947973329","2.42412395578222","0.00036087235516863","0.000945147461044247","7.78317535706088","105.812066304503","M","263"
0.00131209925028511,0.00087442053355992,0.00251008368023077,0.00123128019596258,0.00310601800189823,0.00581717576295485,0.00390582926598672,0.00334417342036293,0.000207854239180743,0.00522489163355047,0.00203321114400218,0.00159667068273938,0.00266421809079433,0.000306074575040748,0.00667813770609676,"0","-0.047752390231325","0.0330064627742008","-3.14128354840884","-3.1030377047451","-3.04465258892659","-2.53752867174822","-0.0360765667164602","2.42131190376197","3.02945778017981","3.09575282928198","3.14146208598804","6.28274563439687","2.28961147934949","-47.9475785035684","3.68209008184859","4.95884057551019","0.0284092456215395","-1.48699107559415","0","0.170441634537248","0.0049747228443337","6.1564661703548e-05","0.00116075066306388","0.00224659230840231","0.00904358441301828","0.036284646672063","0.149814409060937","0.545783617793356","0.835779908446061","6.59628848202198","6.59622691736027","0.345089463505663","2.02467820989036","0.0494762303179456","0.140770824647919","4.61503396143254","40.1466564333265","0","0.000905168610154235","3.15248569159887e-05","1.57658659847026e-08","9.29252858891749e-07","2.21224092624773e-06","2.11210216454951e-05","0.000127254930353412","0.000701323457301206","0.00254128631968414","0.00461553471937347","0.0304661920800135","0.0304661763141475","0.00218683458368391","2.41594169213544","0.000185129646300721","0.000680202435655711","5.16492065916608","38.7915804079775","F","264"
0.00404525187710431,0.00724640334699094,0.000956753550544687,0.0101542543864866,0.000297517160371172,0.00212621126626316,0.00894729899126715,0.0212698552404389,0.00272627619537511,0.00105108445406165,0.00275003399231037,0.0164652731961738,0.00411115683515578,0.00504943852647409,0.00200083594503978,"0","0.0453986328797264","0.0588302526784979","-3.14060331102628","-3.07553041247767","-3.00540912445382","-2.4767685693137","0.0106935403857026","2.57250873834519","3.02453236755192","3.09814901883328","3.14114529519573","6.28174860622201","2.2966414418557","50.5883392555046","3.75233507419003","5.04927730765888","-0.0211428562586667","-1.49315535993077","0","0.141680167953224","0.00835391700233478","0.000168455682690215","0.00156843859364325","0.00283955269021877","0.0100062558250925","0.0469689218996395","0.130923295428037","0.349910498999814","0.57324918381631","5.29763164463824","5.29746318895555","0.326123909313029","2.30183175263244","0.0624592531856327","0.120917039602945","7.77526321646383","91.3980236264549","0","0.000603517010491831","4.18613166837399e-05","3.88294637828885e-09","1.5354732460675e-06","3.48768766807654e-06","2.25453046154905e-05","0.000154861618965984","0.000527422181824861","0.00134418235391656","0.00242026738265275","0.0238997257125106","0.0238997218295642","0.00163420060817895","2.70779543868561","0.000220358201218377","0.00050487687720937","7.77550414160503","81.5956561656093","F","272"
0.00497665144952029,0.000930793028591099,0.0091059919357213,0.000985948973413833,0.00285508546689242,0.0128784512724746,0.00166456831003569,0.000419202547161393,0.00568845886066942,0.01285170778875,0.0142867736953715,0.00576771909216675,0.0154477735638609,0.000542732138531474,0.021833830945828,"0","0.0117749624202467","0.0498558104132627","-3.14153039092265","-3.09712386637568","-3.02768062030403","-2.56207722698282","0.0327556203596944","2.58719677929745","3.03675860937628","3.09387432933788","3.14088198536874","6.28241237629139","2.31386826462716","196.507486142677","3.82672717539936","5.14927400628027","-0.00530108512397201","-1.50116565225879","0","0.154024614290895","0.00636924980423659","8.30165232341343e-05","0.00116268407197622","0.0021955622578661","0.00959787570502327","0.0463169227923036","0.153463006838188","0.425941750662027","0.711937679430938","3.26784807790967","3.26776506138644","0.295604561822252","1.91920338955672","0.0637504290789988","0.143865131133164","4.05257139959169","22.4810277622969","0","0.000687603095847648","3.69657956814575e-05","7.80885342462868e-10","1.17985166784247e-06","2.70719524605241e-06","2.14069779059058e-05","0.000154764252191091","0.000557647292658429","0.00173252822125373","0.00294601257127728","0.0230644616715358","0.0230644608906505","0.00171562714145075","2.49508350356654","0.000223516063236856","0.000536240314752523","6.41640216390323","57.1116437286188","F","273"
0.00397960188208133,0.00366162040741232,0.00431185024620231,0.00145222872838305,0.00373024857156468,0.00713899038190867,0.00271208842598584,0.0046113440300277,0.00125898359294348,0.00831678642335811,0.00457860156013684,0.00662175285155915,0.00293537327406828,0.0126209914954325,0.00937959210569501,"0","0.0569814705742271","0.0606473733931718","-3.14144688115228","-3.0990145328107","-3.02792461750669","-2.64554692780341","0.0985899722073173","2.69498190217107","3.04797800928894","3.10201186960467","3.141541257884","6.28298813903628","2.33472696027723","40.9734416600549","3.92198403933244","5.34052882997448","-0.0440988433522666","-1.49945785478641","0","0.205980148254966","0.0103378070089608","0.000148623287086457","0.00136684185863668","0.0029511884238309","0.0129500406339414","0.0568550815470957","0.212374834888792","0.570685539067689","0.87569517766773","3.93587239375967","3.93572377047259","0.39797200412114","1.93208912360099","0.0787305682201845","0.199424794254851","4.1601198037012","22.8578682155688","0","0.000949807105651766","5.85511556894738e-05","3.42416318910157e-08","1.05801382901412e-06","2.68561443507946e-06","2.93661061379258e-05","0.000204163019089825","0.000808628454782871","0.00252868638944783","0.00411661971283344","0.0298213009643048","0.0298212667226729","0.00225402938487349","2.37314436948412","0.000296756442000192","0.000779262348644945","5.78980854825188","46.7729822015294","M","274"
0.000348564310558423,0.000545344447418864,0.000667575736383149,0.00171006567818758,0.00806754842032566,0.00582008352576735,0.00277078505525105,0.00306401426697534,0.000408612889411951,0.00124236274804069,0.000548144471583107,0.00810915467929822,0.0193979107891312,0.0224081232261656,0.0138743901013292,"0","0.0398833505210392","0.0500598432560414","-3.1413559027085","-3.0960854937293","-3.02001167427695","-2.53190835140628","0.0683145645139372","2.60598696762577","3.04412615311129","3.10043837803983","3.14070814405714","6.28206404676564","2.30547182814365","57.8053698604752","3.80382276499832","5.13789531903205","-0.0207414843868415","-1.48924478520336","0","0.166181651068132","0.00753517147411768","0.000157618663839653","0.0012695328118994","0.00237394547054917","0.011046376352962","0.048832997911387","0.153647341152566","0.423090005508064","0.742505850876136","3.82601545576242","3.82585783709858","0.347027166364797","2.08823997194806","0.066670308913321","0.142600964799604","4.6747448738342","28.6903828533963","0","0.000657054268011722","3.41518393197545e-05","2.92295216300179e-08","1.04408694429537e-06","2.50958793407197e-06","2.4243517391455e-05","0.000158086805459128","0.000585618385293687","0.00152956682559982","0.00277796667366857","0.0217179208540513","0.0217178916245297","0.0015728395917716","2.39377425631994","0.000227638010019071","0.000561374867902232","5.61347613124182","42.7277825614099","M","275"
0.000713206055063569,0.0014822757795959,0.000561917154639585,0.00477054907686147,0.00776942996815181,0.00356588843961314,0.00329474045271665,0.000335734285148997,0.00202149277249023,0.000917176029085534,0.00375195326163957,0.00202688392755154,0.00949861955584545,0.016365739569309,0.00752382430765402,"0","0.0210476353784995","0.047139703085514","-3.14100870065929","-3.0735734651873","-2.97919591475123","-2.40346356660618","0.0838407193874302","2.35755621834015","2.98249972981732","3.07586412854355","3.14097258535725","6.28198128601654","2.24149164250178","106.496126628624","3.4990900753321","4.76101978494633","-0.0290028456747032","-1.49332838153041","0","0.146342862368668","0.00635838685245083","5.69320735589407e-05","0.00137214702485057","0.00260872359454719","0.0116061309527201","0.0507129213946316","0.151666897714203","0.358209380103847","0.591863970249212","4.90966178598963","4.90960485391607","0.302341127683968","2.06597795608444","0.0679366060546146","0.140060766761483","6.57664024006846","68.109823341259","0","0.000673433589088441","4.10535483669448e-05","1.45982944034606e-08","1.24230436243965e-06","2.84968585811522e-06","2.46687684789782e-05","0.000160846380944403","0.000571137549853128","0.00156244918316993","0.00283202616739459","0.0515042588164953","0.0515042442182009","0.00195209514562741","2.89871960243291","0.000230974153106096","0.00054646878137415","11.6738390187973","231.217659638812","F","276"
6.04648134805928e-05,0.000983488609272393,0.000876972705529705,0.00292429378253232,0.00419209868053775,0.00146610916746563,0.00322938590029872,0.0015338394397052,0.0017352784268107,0.00018885903998923,0.00404437563649089,0.00459968561594394,0.00243601851409079,0.00808773886853385,0.00636897563647865,"0","0.00291289388149826","0.0492232245397949","-3.14132579449503","-3.08565252041368","-3.0129596563609","-2.57938606203519","0.0322137777276867","2.58504826882321","3.01608930886594","3.0929834822905","3.14154988227218","6.28287567676721","2.32237656436152","797.274689308969","3.82852924784652","5.1644343308584","-0.000934465338647668","-1.52832996749951","0","0.153820655863398","0.00673355116795816","5.44531248566887e-05","0.00113767967323899","0.00205696491532412","0.00856743023323056","0.0436489036090662","0.153308822880652","0.416868718340737","0.650970255538767","5.66558926672722","5.66553481360236","0.317692340832987","2.06534251885597","0.0606358395280218","0.144741392647422","5.89197004934704","61.2195455448243","0","0.000817818167611179","5.3745717132226e-05","1.75438633990957e-08","9.66259650012347e-07","2.53441253676012e-06","2.23484878913178e-05","0.000158147182286045","0.000626466152348807","0.00186306666086632","0.00337766663983639","0.0519475807635336","0.0519475632196702","0.00253575004623631","3.10062816731396","0.00022901291117915","0.000604117664457489","10.7053320311395","171.598313698479","F","277"
6.64844949089113e-05,0.00185083788138439,0.00195497852170595,0.00246066684078723,0.00225026001569948,0.000634322091232801,0.00692185717021031,0.00419313294290248,0.00293005037980916,0.000986445238221713,0.00565106617126686,0.000189464032093906,0.00436513811062871,0.00274068339763221,0.00419840420524394,"0","0.0042180504141626","0.0316958916020811","-3.14079501068545","-3.08308422600195","-3.00092631464023","-2.48178746451675","-0.00205706862976195","2.50355411462369","3.0022210125826","3.07804739202839","3.14128406384895","6.28207907453441","2.2794613407338","540.40637662372","3.69252349037955","4.98534157914043","0.000650015637042458","-1.50020415332108","0","0.137108261671193","0.0041367509810642","5.16559345895011e-05","0.00142374809370796","0.00240016586109038","0.00843525854203137","0.0391974437712125","0.124924829987537","0.337656231731065","0.626383049985319","3.8509982025801","3.85094654664551","0.297501141660875","2.16982651544609","0.052826266314013","0.116489571445506","5.15963004717951","36.5831173220477","0","0.000607836153865274","2.33800412035294e-05","1.03456493069619e-08","1.00101642539435e-06","2.28200182261794e-06","2.09040188120488e-05","0.000126224625547996","0.000481603834186512","0.00145011841567535","0.00274010359910862","0.0339356839934575","0.0339356736478082","0.00168141350107057","2.76622818563579","0.000181122042543889","0.000460699815374463","8.16793892329681","100.744331543629","M","278"
0.000795277738133038,0.000151042482130069,0.00159151913572932,0.000528757848096268,0.00198004575830759,0.0046697048762313,0.0141761435084498,0.0140524955403873,0.00219875573041885,0.00538032275578594,0.0126154788613796,0.0251483461947634,0.0160619538084651,0.00487084068177447,0.00208244784464501,"0","0.0746375677644925","0.0449184421772353","-3.14159211778866","-3.09046196461428","-3.01425026380359","-2.47482139112721","0.0867125913733164","2.58353730292153","3.042958134743","3.09360334817268","3.14091166698662","6.28250378477528","2.2926013818532","30.7164535303073","3.75630208058948","5.05835869404874","-0.058147103413686","-1.46984406296061","0","0.135847057255379","0.00582529488556575","0.000114989205232329","0.00146085626668289","0.00285471313903645","0.0104851330655372","0.0397421073189631","0.126868978647084","0.320751745523613","0.59179412047644","3.59368706792247","3.59357207871723","0.297318394339124","2.18862594704717","0.0530381976872855","0.116383845581547","5.22123765553207","36.0366709796015","0","0.000592817833390545","3.25117995093471e-05","9.27499450451641e-08","1.17113032345154e-06","3.03058324744877e-06","2.1641948884054e-05","0.000132641692842933","0.000497671854054924","0.00143700725239008","0.00260851633624182","0.0395889826305023","0.0395888898805572","0.00165937625769752","2.79913350144501","0.000189854267612943","0.00047602990517087","10.2479778233979","169.835661904311","M","283"
0.000313287101899242,0.00147252457094401,0.000897970723365857,0.00166909910455186,0.000458023822327828,0.00118303116738771,0.00355939891662887,0.00120339533573365,0.00388468531160436,0.0053075268005765,0.00921928168345649,0.00229996273225395,0.00408412716462451,0.00499592719449404,0.000990430579712464,"0","0.127869693562314","0.0461711913373513","-3.14132167954779","-3.0926764526725","-3.01918972124924","-2.45348122740307","0.108311423085727","2.67289653298745","3.04655182863667","3.10188453957469","3.14126712658593","6.28258880613371","2.29977030907329","17.9852648818037","3.79997543954264","5.12637776039052","-0.0811581878262774","-1.46991482934753","0","0.198269372500084","0.00809087709484415","0.000111446818044756","0.00173108109481502","0.00360807094932238","0.0157712465908852","0.0625154388187846","0.198128341681102","0.517979728474284","0.91235112346589","6.96029516720893","6.96018372039088","0.403003656135488","2.03260670598691","0.0834591719045285","0.182357095090217","5.78083181117297","56.6608191672491","0","0.000930933505970686","4.94166045937745e-05","2.77020700595329e-08","1.80460637141657e-06","4.22290110157468e-06","3.10137288532482e-05","0.000206543136804311","0.000847748277711393","0.00232371893566706","0.00401250620702888","0.0584349385112068","0.0584349108091367","0.00246142316730823","2.64403757252426","0.000296445904274779","0.000816734548858144","9.45453874321601","153.353239738912","M","301"
0.000260827042226842,0.000610904759775415,0.000223544300347969,0.000498860082187477,0.00269441638874591,0.00185238337656777,0.00238198837746294,0.00359945611653304,0.00130418583239391,0.00116657063715298,0.00465199418685924,0.0127528544104416,0.0139455189496572,0.00287859442703435,0.000966485747055473,"0","0.0379313755924662","0.0485645227548036","-3.14128184015106","-3.07928486422651","-2.98906803784094","-2.4120327827285","0.0298818566319854","2.47154313486462","3.01919822503551","3.08311824132818","3.14156716285832","6.28284900300938","2.2471261770382","59.2418846387558","3.62038264431586","4.88357591759313","-0.0253633547582478","-1.45388983008095","0","0.153256870995797","0.00743338434302069","2.87711757778463e-05","0.00157279974039691","0.0025802316679627","0.00802436660903392","0.0405611644044877","0.141076329136262","0.401549441643982","0.671957442562175","4.77332647546202","4.77329770428624","0.343949689890354","2.24426929543529","0.0551719001423677","0.133051962527228","5.81773998229272","48.2889282739842","0","0.000661214787547471","4.20922780150544e-05","1.24638030980089e-08","9.19101957373846e-07","2.14272224345447e-06","1.923195470965e-05","0.000127126867600044","0.000511623838405151","0.001449662583886","0.00290942974056324","0.0368322174445085","0.0368322049807054","0.00194764932122066","2.94556225586656","0.000184122174687969","0.000492391883695501","8.77741419942946","110.871136500892","F","318"
0.00058354579048434,0.00014662609342383,0.00104504439324723,0.00524389304370549,0.00121028331214961,0.00620901458192369,0.00328838577102174,0.003539953813521,0.00430140919375879,0.00351473742774042,0.00227664258704517,0.000402372506580729,0.000780223793126263,0.00446450168810737,0.00325662118364929,"0","0.0347977959473525","0.0332587130518911","-3.14132217741897","-3.07442260172557","-2.9921824492739","-2.41481593388682","0.0493426560840088","2.46688635697793","3.00302612265156","3.08073227211849","3.14148786596103","6.28281004338","2.23626204955443","64.2644739033987","3.6170781085052","4.88170229086476","-0.0236018912849859","-1.43282975407713","0","0.160473953261982","0.0052202304445","4.90691527750955e-05","0.00127301211811456","0.00235301249045615","0.0108721145260519","0.0461697440795394","0.154267853956561","0.403878592345679","0.6959480527436","5.89584609887946","5.89579702972669","0.350999848212714","2.18726990317045","0.0631192306341198","0.14339573943051","6.12304379342995","58.9455723318902","0","0.000713674760642809","3.63753251465859e-05","2.0285081788224e-08","9.01112140641888e-07","2.15447804373701e-06","2.17182307856288e-05","0.000143525972329797","0.000536979984634227","0.00160536641351779","0.00300752774202102","0.0910888018453364","0.0910887815602546","0.00244581800379939","3.42707650414375","0.000207433890136727","0.000515261753848598","17.600138705375","516.205674819357","F","323"
0.00111476792214846,0.00564180164473789,0.00341317755923962,0.00351215130705391,0.00457408643594723,0.00462126407783097,0.00344095234942656,0.00784912966020894,0.00312254957022823,0.00371344864862413,0.00557674308896296,0.00197291185781551,0.00597500871516853,0.0022871575179664,0.00301223198826001,"0","0.0863914192285423","0.0457499616140074","-3.14141987701215","-3.08653083480308","-3.01150656598328","-2.45923748181575","0.12369603470878","2.57871992237164","3.02087866298711","3.08640340662147","3.14117873647443","6.28259861348658","2.29435031196701","26.5576180187233","3.7244767291907","5.03795740418739","-0.0644432663326498","-1.49681862144552","0","0.116844200258645","0.00504040847266815","9.54309562740846e-06","0.00106865551448822","0.0020706558410529","0.00709561716747954","0.0303168439219542","0.101045068669803","0.302763487538445","0.535089042953488","3.7115581281354","3.71154858503977","0.252775354201972","2.16335388185663","0.0406047363056296","0.0939494515023239","4.96615610429424","35.9322374839053","0","0.000525111491201819","2.94801453542895e-05","1.88942272845207e-08","6.91709788998066e-07","1.83616944829482e-06","1.45728739699805e-05","9.48238776253518e-05","0.000421564715587003","0.00131296115476061","0.00238835359384269","0.0413350343871423","0.041335015492915","0.0014784226763097","2.81544529320059","0.000137255452735692","0.000406991841617022","11.5787628349605","249.662636621012","M","327"
0.00096529170791287,0.000507724368328298,0.00243716317352002,0.000445581882148463,0.00237029191357425,0.00483764057478126,0.00192328598710797,0.00109557469773053,0.00193643975706145,0.00275240353659212,0.0017159155483843,0.000489957464232912,0.00038450768735067,0.0001528921249576,0.00595358811872992,"0","-0.0337476900646116","0.0264628297870696","-3.14145022892772","-3.06995367854894","-2.97147894037736","-2.41425940816619","-0.0514875766931422","2.40814511162355","2.96361836664507","3.06650511382025","3.14140697965505","6.28285720858277","2.25540324587546","-66.83133694654","3.58088549308406","4.82240451978974","0.0310440050191912","-1.51508354571375","0","0.118236085673735","0.00276213592498827","2.80836120055555e-05","0.00174580893863447","0.00310150501946069","0.00905583570183685","0.0399069951633568","0.118506603080206","0.307142512702137","0.500428417485442","3.47688860599915","3.47686052238714","0.235414367280242","1.99105345833127","0.0523436472067381","0.109450767378369","5.14582611506112","39.5562185953113","0","0.000510020154315525","1.42699039517761e-05","6.38023237416555e-09","1.16080771518646e-06","2.69701649484259e-06","2.10868783654615e-05","0.000125302740932889","0.000461066109561726","0.00127298407707398","0.00230946670430076","0.0282984278841591","0.0282984215039267","0.00121621111385801","2.38463343765352","0.000179840927739677","0.000439979231196264","7.10620370785252","87.1801106184673","M","333"
0.00838930071958402,0.00482340503763242,0.0123436628984784,0.00568939035077138,0.000987992612172582,0.0209224206428083,0.0113276624489583,0.00205217484762362,0.0125003142580807,0.0368953800309099,0.0129407303140781,0.00677401545494612,0.0106348423699027,0.00780209588052739,0.0286915509153323,"0","0.0451430234466162","0.0613286323379708","-3.13920662730714","-3.06321552610721","-2.93601936951534","-2.33062551784689","0.110472495916419","2.41901810999454","2.98152682602608","3.07115939072998","3.14134175505728","6.28054838236442","2.26002459149401","50.0636514558356","3.518857164544","4.74964362784143","-0.0186260284233229","-1.54697672145792","0","0.168695423791482","0.00910377775371787","0.000389374398552626","0.00230199899929539","0.00405933635058769","0.0130121289937168","0.0548601171005518","0.158561639225548","0.423179419020498","0.80407663745288","5.03839224588418","5.03800287148563","0.33548378325991","1.98869522195569","0.0720453222449521","0.145549510231831","5.22909461225617","45.4016432335351","0","0.000792567682178898","4.97739480591234e-05","2.46943180247273e-08","1.6981591737572e-06","3.52880849435401e-06","2.69905582228461e-05","0.00017352436171143","0.000685456333258809","0.0019215701188628","0.00344834741683345","0.0184981213792617","0.0184980966849436","0.00183422232554365","2.3142784733552","0.00024909170739338","0.000658465775035963","4.76848420841291","28.1438836807365","M","334"
0.000288750170845444,0.00189205687587103,0.00216067362198104,0.00154392038523247,0.0041094846483992,0.0029537398452167,0.00668141624716182,0.0108488724505187,0.00695756133478379,0.00230007631804938,0.00213141489686437,0.00332834996429532,0.00189585898237316,0.00666507037680092,0.00544840536504132,"0","0.0465078825288237","0.0406898556544961","-3.14141065598004","-3.0531087725037","-2.92319128308734","-2.27905142800561","0.0253527429805951","2.38131817400813","2.97226667072791","3.06301029529877","3.14101506681834","6.28242572279838","2.23090274231538","47.9682716350881","3.45441137276228","4.66036960201373","-0.0218667618621328","-1.51654461994699","0","0.107425751519268","0.00393630273216825","3.16353610137436e-05","0.00148389844714104","0.0024998666991559","0.00889872892950807","0.0379373519241338","0.110419158040888","0.274640551397274","0.435536545254787","3.1817770903606","3.18174545499958","0.21581567244531","2.00897521677193","0.0500228193440239","0.10152042911138","5.5882915228205","46.5558528935314","0","0.000462963189179051","2.16387298721648e-05","2.51603386238654e-08","9.85627848774834e-07","2.25217927057499e-06","1.88693990975382e-05","0.000123084412341338","0.000408619522825547","0.0011061750844811","0.00188268700572166","0.018165181567737","0.0181651564073984","0.00118638665671207","2.56259392634612","0.000176563293416646","0.000389750123728009","7.37213485882772","75.2473500322621","F","335"
4.11724456136295e-05,0.00025580998862231,0.000175020696913984,0.000392999265787239,0.00718953700263957,0.00691847217364328,0.00244836351616412,0.00194425042193197,0.00253271515660629,0.00286760208226886,0.000946717197571781,0.00491314621327257,0.00487570437832768,0.000419879242909993,0.000327534105239047,"0","0.00537674063836198","0.0300073469268715","-3.14143704302227","-3.09978994079814","-3.03728092754688","-2.58631231995693","0.0213012563326288","2.60598179412816","3.030491459859","3.09445898529902","3.14155262798934","6.28298967101161","2.30119376716881","427.990472657403","3.84623597877688","5.19229411408509","-0.00596821378498661","-1.46857152824466","0","0.153651856774826","0.00403365993883318","5.96033770099755e-05","0.0016596568748813","0.00317307617564106","0.0118808842670598","0.0516194758654447","0.156828408880544","0.376916463696092","0.629079294681082","4.36143242562848","4.36137282225147","0.309332015680774","2.01320063534341","0.0694638719097194","0.144947524613484","5.15713357552877","37.4296409875525","0","0.000664613304989878","2.21060586270839e-05","7.51439242375337e-09","1.56310637350572e-06","3.23967102965575e-06","2.55019188542333e-05","0.000163365231582368","0.000556564036286087","0.00160303733284","0.00287332984504929","0.0393380687759434","0.039338061261551","0.00169526231203598","2.5507498861489","0.000233462583337346","0.000531062117431854","7.37574300185282","88.0491759655367","M","339"
0.000196548861871519,0.000518662158302973,0.000125586770920917,0.000296028390376409,0.000407049286948859,2.64918279979491e-05,0.00198682264481999,0.00257108063022806,0.000118697757548854,0.00019256662979387,0.0018860623009571,0.00189842663792386,0.00582619682704927,0.00499529802736326,7.20562826430016e-05,"0","-0.0562504438807196","0.0293868607948914","-3.14157727812548","-3.1025013159916","-3.05109849785716","-2.65514698382476","-0.037368390517528","2.5155097270776","3.04132672274137","3.10233709437179","3.14150397592507","6.28308125405055","2.30270010780886","-40.9365677663235","3.83629426738498","5.17065671090235","0.0285021905615021","-1.46409339178095","0","0.201687891714987","0.00533443626271292","1.79254639980124e-05","0.00157070249725993","0.00303074504825052","0.0113938893486021","0.055136989503613","0.198585105802788","0.529913674956964","0.908409363624527","6.36064848307258","6.36063055760858","0.417996568023485","2.0724921286508","0.0753595654771446","0.187191216454186","5.21508754528443","42.1705886391404","0","0.00096622911393832","3.09072668313203e-05","2.02150402459855e-08","1.4425034029671e-06","3.74218295413236e-06","2.70714072306462e-05","0.000186993082042609","0.000762909519761008","0.00246705919919586","0.00457877095902725","0.036403270006916","0.0364032497918757","0.00242183631526","2.50648244844193","0.000268761567102912","0.000735838112530362","5.98011927597075","50.3820494702354","M","340"
0.000155929090780965,0.00321000254675758,0.00342618983081575,0.0122763157991125,0.0112805387081772,0.000592573937707292,0.011378036732202,0.0170721373442444,0.00914545502835962,0.0023579142072663,0.00758550020295391,0.00860940633797422,0.00137973887214505,0.00193841911561195,0.000873198703880785,"0","-0.0170530534462368","0.0477977786339893","-3.14095598804855","-3.09965469362571","-3.04022503665142","-2.61590179528929","-0.000159941133845598","2.59229534490171","3.03240773741153","3.08946110227947","3.14148872594365","6.28244471399221","2.31017102668075","-135.469640904137","3.85770456400593","5.208197140191","0.00993295884589732","-1.47833815987188","0","0.197832111010867","0.00798297901779607","7.1406412734719e-05","0.00132156834496661","0.00272636879923373","0.0119597150620295","0.0587285359322517","0.200677936125562","0.522058767550137","0.913236389582673","4.43642969196569","4.43635828555295","0.385834809913083","1.95031437485843","0.0814320520061987","0.188718221063533","4.31297674000031","26.2634998250802","0","0.000862114471177182","4.89856689882157e-05","1.45275943626363e-08","1.10799697703672e-06","2.81165774108911e-06","2.64763448081029e-05","0.000189801460385227","0.00069388313287701","0.0020795360414716","0.00391807789809998","0.0605267106115011","0.0605266960839067","0.00236758436172758","2.74625289434562","0.000275678060431714","0.000667406788068907","10.7425884394901","203.192527259575","F","341"
0.0047577410172929,0.00808025820027185,0.00156108196167061,0.0131345035547402,0.00887393693714039,0.0078207142281909,0.0224115885968562,0.00642150861229698,0.024357941212439,0.0212357982851432,0.0236248397340177,0.00427222966685089,0.001707502276866,0.0151243939995208,0.0178001034889443,"0","0.0703270358176306","0.0684032867579436","-3.14083788614108","-3.10433762156566","-3.03862742317869","-2.72446254123288","0.100262673736995","2.76022267308563","3.06547268748507","3.10547386028452","3.14149034912997","6.28232823527105","2.38137768588245","33.8614824042598","4.03553654161164","5.48468521431851","-0.0545032592114881","-1.5318268998284","0","0.178847151321555","0.0103830511948111","0.000147067711747682","0.00110518465818057","0.00214313212120662","0.0144174240924362","0.0647376385116026","0.188897026957725","0.428938901422617","0.695402005444987","4.41471689737338","4.41456982966163","0.36147336770812","2.02113013842874","0.0895317868771002","0.174479602865289","5.86710056783691","49.7143788428497","0","0.000831720543654943","5.71755148518283e-05","3.4233258953084e-08","1.26445700733538e-06","3.00020562484721e-06","3.22348991402684e-05","0.000240509817447037","0.000832691523052221","0.00197656744597289","0.00339002991853949","0.0293980371589934","0.0293980029257344","0.00199049638840889","2.39322739301566","0.000344792834609847","0.000800456623911953","7.16425683605632","72.6536447138928","F","342"
0.000129357604991704,0.000598187830076141,0.000574355218011499,0.000346792804777263,0.000804405162068475,0.00138010232768388,0.000254157102009494,0.00118448806443713,0.00189242937733676,0.0011887919795461,0.000346113687812756,0.0123177387897157,0.0106745361099197,0.00212163692788087,0.000525675576489713,"0","-0.014539843925261","0.0317577547324575","-3.14138499381907","-3.09891307818176","-3.03946212867217","-2.60730993161425","-0.0264176685866002","2.56983856944456","3.03115265763356","3.09717470645581","3.14157721413111","6.28296220795018","2.29690033086311","-157.972832629417","3.84031248360017","5.1771485010588","0.0118831744520147","-1.46052359869705","0","0.134261885798528","0.00407268540769367","1.83548840225542e-05","0.00150633679434301","0.00280560219124294","0.00942697233010367","0.0402356222974607","0.132548601060185","0.333709266767435","0.554010663636482","5.42264479130344","5.42262643641942","0.29455962926977","2.19391845658852","0.0540564459603302","0.123121628730081","6.69797391026548","70.4960830257105","0","0.000583503540429079","2.14628129937604e-05","8.89967224493592e-09","1.04569309068399e-06","2.73581877764928e-06","1.83339274515576e-05","0.000134130448237754","0.000488803821228728","0.00139244752777236","0.00246880484549577","0.0361484889927364","0.0361484800930642","0.00155231195284209","2.66032996423741","0.000192715045692232","0.00047046989377717","7.98110598001836","102.274649173468","F","343"
0.000212323184964529,0.0010926380077252,0.00151613908612617,0.0012214668795874,0.00327742239460624,0.00257957958083214,0.000862031581132735,0.00304730735698831,0.00342674020713181,0.00074749509265208,0.0132088120192625,0.0063744081566985,0.00490933504323128,0.00364508877550554,0.00191782403833689,"0","0.0788702011643506","0.0477349433711018","-3.14137799068104","-3.09284685938496","-3.02664137236274","-2.52687352684212","0.0984652891735524","2.59812868509125","3.02900875948828","3.09824564196348","3.14135653608665","6.28273452676769","2.29077998885384","29.0449365544319","3.78744201770843","5.12500221193337","-0.0729819735622837","-1.46429049157697","0","0.184220198385","0.00825664628741176","2.71918170261742e-05","0.0011619068477314","0.00229164311669628","0.0111578004323604","0.0505254290537922","0.174045247035187","0.503647828925738","0.803994091737766","7.20656112034049","7.20653392852346","0.396233005729251","2.1508662416114","0.0698263904849545","0.162887446602827","6.33219611901262","68.7727526644251","0","0.000741692575100022","3.86769199811078e-05","4.181610108679e-08","8.74372800182699e-07","2.39370522802429e-06","2.62139228468765e-05","0.000158878685839966","0.000652573956777707","0.00186130589648517","0.00339063992482707","0.0355355605777263","0.0355355187616252","0.00185608923078477","2.50250480198547","0.000230811031807601","0.00062636003393083","7.66239126659398","94.3754255068288","M","346"
0.000397193178127403,0.000725837626853909,7.24839224268515e-05,0.000811996012999254,0.000698016789626633,0.00107299860993048,0.00110406048016916,0.000421015492177378,0.000247470019171943,0.000389131204357523,0.001772067935763,0.00231326496631262,0.00437263786472906,0.00207010353790127,0.000264362716897411,"0","0.0357009961199201","0.029595340213898","-3.14158157561632","-3.09379134958405","-3.02305518450418","-2.48224340400133","0.0362929214628811","2.58326592995358","3.0183524759195","3.08788203943878","3.14142120203015","6.28300277764648","2.29148981089734","64.1855987211167","3.75813830666033","5.06550933395491","-0.0220314565634883","-1.4844500354085","0","0.160820872115166","0.00425819067627663","8.72944806090251e-05","0.00160911269118269","0.00301842243665169","0.0109260917375946","0.0500712586731491","0.163098773957983","0.413007591079823","0.686792185252253","6.40204232342895","6.40195502894835","0.329700570327074","2.05011057327789","0.0675622084085853","0.152172682220389","5.95003985385673","60.0953247750492","0","0.000708431634659731","2.28123621991612e-05","3.57876684631692e-08","1.28398661971198e-06","3.58322680709218e-06","2.56506516921882e-05","0.000164836554151754","0.000647198030179479","0.00182181801506054","0.00300913624192012","0.0419852122782361","0.0419851764905676","0.00176630155842336","2.49325619016398","0.000236611407716935","0.000621547378487291","8.13333215532782","110.376806151884","F","347"
0.00942991739569151,0.00291374356839027,0.018624648400506,0.0199601500008672,0.0234531123517055,0.0292171602981214,0.000789318582305512,0.00505062568476952,0.00450669765777919,0.0355059392836895,0.00268667136087487,0.0369332541264288,0.0323457276110772,0.000734636912114734,0.0467205904835679,"0","-0.114968848828337","0.0576923160489963","-3.14133271578443","-3.08093119552723","-3.00339444090508","-2.56662351655272","-0.161524143815689","2.37292242363017","2.9821856032384","3.06845435307763","3.14042212097915","6.28175483676358","2.26474491570704","-19.698770047603","3.64743380926685","4.93954594018288","0.0828296968557791","-1.48043863308976","0","0.0992298324526908","0.00485612047252974","9.36106605443577e-05","0.00119569636811303","0.00224033011311226","0.00763565893305903","0.0371362513959882","0.105573932903065","0.235322332542405","0.39962687167435","2.11194012067737","2.11184651001683","0.190629790991273","1.92109354898043","0.0496874685148021","0.0979382739700064","4.79662708162969","31.3821359198064","0","0.00038338890684816","2.27777067586912e-05","3.07485344254195e-10","6.6903150282664e-07","1.78366876303271e-06","1.32341160388081e-05","0.000113484480805643","0.000359246686307676","0.000972277550472774","0.00167324441616155","0.0134862525187584","0.013486252211273","0.000894151927085085","2.33223213064746","0.000163258527252925","0.000346012570268868","7.30206776237108","78.0561158704294","F","348"
0.000288514835722497,0.00254632437795116,0.00210005883348846,0.0007669521057153,0.00238727007314826,0.000876988133675759,0.00578045774568152,0.00818939442250155,0.00208686172326862,0.00518250147210832,0.00213421170058456,0.00680281660506711,0.00590868961344248,0.00208260249952238,0.000606433230565509,"0","0.0624183953003752","0.0479446924710902","-3.14134848791962","-3.0884275660472","-3.02171342841361","-2.52820808642879","0.0734569700519446","2.63782117252213","3.05020993954123","3.10292454549354","3.14159265358979","6.28294114150942","2.30433983355331","36.917639783339","3.81500353539876","5.16602925895091","-0.0379733136935434","-1.47566425462803","2","0.223467480483209","0.00897812927311147","0","0.00184566729214305","0.00365551586647824","0.0156978364720217","0.0664706295208014","0.237498925369066","0.596630667005279","0.968524504142869","6.09033517647376","6.09033517647376","0.43151097334281","1.93097882702997","0.0902530546422108","0.221801088897044","4.65360634302596","33.420864189294","0","0.000972681313705549","5.35872376281614e-05","2.51688314842569e-08","1.40814877805864e-06","3.71723804333023e-06","3.67875703539747e-05","0.000228407389527812","0.000807550856391652","0.00236193780423618","0.00416099915616691","0.060759769695035","0.0607597445262035","0.00257553443086777","2.64787078211254","0.000328562243921888","0.000770763286037677","9.32365230720889","152.357766710802","F","349"
9.80683390855799e-05,0.000474133678791243,0.000408649980887208,0.0050685646492102,0.0054488727234628,0.000945557409005704,0.000235143867289703,0.00093277297772772,0.00107983904336186,0.00103666857088675,0.00142681709383414,0.00191526095585933,0.000345859050055376,0.00244018928466745,0.00234195699372824,"0","-0.0201873156208493","0.0298753540578482","-3.14139922397621","-3.08805241656051","-3.02112727836601","-2.50962771996668","-0.00781669573944033","2.50437430018168","3.01537752478679","3.08115625501318","3.14108513047508","6.28248435445129","2.26797034010838","-112.346306101542","3.7173802190633","5.01400202014836","0.0161749352140199","-1.45083341829048","0","0.143677453017673","0.00422234393683533","4.58930823056831e-05","0.00121423742460042","0.00224494510146067","0.0089566579582856","0.0376367592256202","0.12383428215154","0.359922964259738","0.678524840336583","4.8829697487226","4.8829238556403","0.32053681425621","2.23094721909348","0.0507032761356537","0.114877624193254","5.18882306586557","38.3202040149228","0","0.000622619983132887","2.55153817720383e-05","5.57051724965029e-09","1.02616770589244e-06","2.3395526638849e-06","1.95881323113003e-05","0.000112532330767359","0.000458991579568778","0.00142763455177779","0.00271801854701117","0.0541014943310208","0.0541014887605036","0.00193698554880635","3.11102374045218","0.000161657624028887","0.000439403447257478","11.2593069305932","209.635920518432","F","350"
0.00296131663861485,0.0106269777869085,0.0135448599322464,0.00329374455559445,0.00123926866075173,0.012167395302504,0.00410710224826569,0.0174047381252276,0.00623323952371035,0.0232023629096257,0.00862904588290194,0.00131160310028473,0.00517147866504215,0.0219760248001639,0.00893906385999548,"0","-0.0330232549761452","0.0482103602358366","-3.13970869214471","-3.07545199092131","-2.99558959674993","-2.52334820563836","-0.0472344266041278","2.45395200272748","2.99286443534942","3.07835207545076","3.14008750528349","6.2797961974282","2.26383449684875","-68.5527365029299","3.68463830749508","4.97730020836584","0.0223223050920568","-1.47887899765533","0","0.10375524254471","0.004417334111377","5.30425636598317e-05","0.00133616690160601","0.00256767299632528","0.00805219756613458","0.0331015018045692","0.108903068159456","0.253794343336642","0.423442235473236","2.28857627838885","2.28852323582519","0.20742664639972","1.99919195707471","0.0441808569065814","0.100850870593322","4.95732595462796","33.6780033623645","0","0.000425484547567263","2.30998255837155e-05","2.73444250517274e-08","9.34730894277211e-07","2.20868078743796e-06","1.7154707533879e-05","0.000108326486868206","0.000368244750986229","0.00101762274789434","0.00171788148573945","0.0195581888009412","0.0195581614565162","0.00108470838574511","2.5493484826817","0.000154996492338478","0.00035109004345235","7.71937554018063","90.7416332049417","M","351"
7.73839091436443e-05,0.000947391787917422,0.000803619739868463,0.000848694263232268,0.00103364798299441,0.00042531981688614,0.00253603352273919,0.00442995803860568,0.00336180297448239,0.00182140816936424,0.000363803174220152,0.00202558909067868,0.00314288303210354,0.00434779515331039,0.00334084172442764,"2","0.0157283055098731","0.0339655268616775","-3.14158578549578","-3.08821107578085","-3.01932960843968","-2.4797302868474","0.0309653733531519","2.53390191033392","3.02285670463893","3.09061527384403","3.14155760611201","6.28314339160778","2.27137715297157","144.413341382882","3.71650416623125","5.01363219718132","-0.00462097706141186","-1.44790309244458","2","0.183207872187604","0.00542876449959897","0","0.00138188190574007","0.00273783095800946","0.011139688053758","0.0555904229491421","0.186450404930349","0.485004985519783","0.798426423252027","4.93837363607506","4.93837363607506","0.363037844325765","1.98156247322176","0.0765253299394393","0.175310716876591","4.70879249240191","31.8593154025762","2","0.00078519538393882","2.9747732311694e-05","0","1.03819615370669e-06","2.65580617880647e-06","2.50691496622593e-05","0.000170712442475787","0.00066659390271053","0.00186176970772403","0.0037312384710144","0.0439573382960161","0.0439573382960161","0.00198932051902695","2.53353567751227","0.000246710482214699","0.000641524753048271","7.19587804324969","87.1156167061552","F","352"
0.00170697446378751,0.00144086441550063,0.00206908146807945,0.00147627398650166,0.00296253641001307,0.000964467011618138,0.00654160723666341,0.00340000743097719,0.00337820499386954,0.000493113800686867,0.0124209950779917,0.00960031996011603,0.00268523057382136,0.00561367644093917,0.0100437055902627,"0","0.0179998269279183","0.0484638630130782","-3.14132128403173","-3.09410417421003","-3.04542568423732","-2.61058427652813","0.0365834810450244","2.6187530384981","3.03846880881928","3.10023903317074","3.14059075353788","6.28191203756961","2.30801992390991","128.224562000099","3.86972205237842","5.22933731502623","-0.0212451168415121","-1.47517009824538","0","0.175883460017935","0.00703317032021108","6.36741190141627e-05","0.00123967547690941","0.00261154051537661","0.0123763429069595","0.0582371899036003","0.179358261372517","0.45450301556709","0.790358749202208","4.4557273789162","4.45566370479718","0.334944352721503","1.90435389824232","0.0790977727968324","0.166981918465557","4.5891383267132","32.1917876711717","0","0.00079032083979998","3.90085844893993e-05","7.64677834965751e-08","1.12060347735264e-06","2.93128474670315e-06","2.48972632154343e-05","0.000178756217871286","0.000752682257209833","0.00209687313970274","0.0034624950984501","0.0293180388505158","0.0293179623827323","0.00185772624400084","2.35059756803453","0.00025905767198584","0.000727784993994399","6.31894419224841","59.3563659688484","F","353"
8.90334659323697e-05,0.00196860124110884,0.0021410882478685,0.000560968133121757,0.00264212985121357,0.00342426352203151,0.00310865053382672,0.00645453215122683,0.00459328320881699,0.000415669080804443,0.00050003659713431,0.00495314037608811,0.00362914525513152,0.00322710942775555,0.00194950683548834,"0","-0.0444919859184158","0.0487136021022925","-3.14147914655102","-3.10483723171196","-3.05154309719624","-2.72506298235876","-0.0260084039781043","2.64750085249374","3.05490966648362","3.10440271778021","3.14149202866583","6.28297117521685","2.34382802140895","-52.6797798081387","3.98920697701371","5.3725638348525","0.0273948646056393","-1.49259325694014","0","0.29526605272054","0.0116508754981012","6.90275404433271e-05","0.00201243733787069","0.00440171788965696","0.0185741029195034","0.0925069111964117","0.318101247384342","0.816179201640376","1.27810722544706","7.63848404280361","7.63841501526317","0.560575430432222","1.89854345010935","0.127074196270275","0.299527144464839","4.81335676791299","36.60800049105","0","0.00137217866197001","6.63173179993838e-05","5.86458804382574e-08","2.04446975700624e-06","5.40074062718402e-06","4.57867603896521e-05","0.000321058034073076","0.00123264764682146","0.00348713709690734","0.00606363758748295","0.0414467762545564","0.0414467176086759","0.00319082107509206","2.32536852782062","0.000462262974051401","0.00118686088643181","5.64652073511309","44.3290852606938","M","364"
0.000277325235434199,0.000984039092104531,0.00112351907897006,0.000162510212134806,0.000835246546492557,0.00135813220428319,0.00355776096762935,0.0055257201601584,0.00690451121225645,0.00474395105069629,0.00965823040962831,0.00464017335995076,0.00495264406042473,0.00585585187484345,0.00346618574774069,"0","-0.0756536285757254","0.0346986161636926","-3.1415246515179","-3.0812099011884","-3.00291282774765","-2.49839202887376","-0.0810913265637413","2.37510064462542","2.97445346277025","3.06728966778374","3.14142546785713","6.28295011937504","2.25300655810296","-29.7805485410103","3.60436668185356","4.87349267349918","0.0478157480580598","-1.47945932445176","0","0.104997608345716","0.00392571636575223","4.96665263586077e-05","0.00111676115831581","0.00210790061731682","0.00706643258495839","0.0282569483561046","0.089737356164579","0.239793960859283","0.480112830274282","5.6482618056383","5.64821213911194","0.254899638520646","2.42767090162055","0.0374755549318733","0.0826709235796207","7.2968538601478","89.5526667888834","0","0.000447963724681208","2.16046289254008e-05","1.04364932206895e-08","6.39981073289858e-07","1.50606946542341e-06","1.51671835297896e-05","9.32335199424799e-05","0.000345583779543153","0.00103079634933994","0.0019466117626979","0.0355707727162112","0.0355707622797179","0.00140280437769276","3.13151333557436","0.000134745819909658","0.000330416596013363","11.6576290585767","208.496771011573","F","367"
0.00351244631508567,0.00457393005459618,0.00449152355336237,0.00115088629777086,0.00758260781982292,0.00385842441600149,0.00414812602605563,0.00561796564216629,0.00883286650395551,0.0137183765801035,0.00155462267759755,0.0244921289532439,0.0267778270386569,0.00488546229144818,0.0165248404123778,"0","0.083725776710712","0.0547033568189475","-3.14152515884774","-3.1023356297497","-3.03948466951638","-2.55238391947085","0.109257979114344","2.64307905753216","3.04197740101762","3.0996452179503","3.14159265358979","6.28311781243753","2.29363027549886","27.3945535724772","3.84083072185373","5.19546297700301","-0.0721401119323006","-1.43176403328638","2","0.198068531231937","0.00941723347260344","0","0.00135328598861499","0.00287096884637116","0.0118995484854243","0.061336820135465","0.203273117496508","0.51796087126316","0.869501607820155","5.04344136733046","5.04344136733046","0.394850573351344","1.99350482833124","0.0844636393309182","0.191373569011084","4.93201558771697","36.3527877238953","0","0.000788741551936515","4.97601035971765e-05","3.10303173741647e-08","1.09461760616894e-06","2.59497662912197e-06","2.02906921107995e-05","0.00016261392219597","0.000703859757635126","0.00187196742475234","0.00340769137744469","0.0360317728525016","0.0360317418221842","0.00208636703045822","2.64518463029592","0.000236317117624648","0.000683569065524327","8.19457683559003","101.468838305678","F","368"
0.000718541705963128,0.00128643307463921,0.00172607962668023,0.00191923963938716,0.0018093452834962,0.00140069308143323,0.00759470618854996,0.00719799948903694,0.00671628369479013,0.00826599140964364,0.000991336139273197,0.0214141492308418,0.0256062047401647,0.00178853265923267,0.00137630951652577,"0","-0.0505953367276947","0.0478827495808082","-3.14152421232944","-3.09123702631796","-3.01180192423592","-2.49737158695044","-0.0453159220749174","2.41860148667827","2.99967875089206","3.07545049322648","3.14134246453774","6.28286667686718","2.2642010144392","-44.751179869109","3.64199658956645","4.91597307362871","0.0345722019297955","-1.47510694812429","0","0.143196172547511","0.00637936936648631","3.75304593655709e-05","0.0012027291341217","0.00224843945232049","0.0100768092914483","0.0400421723488951","0.136881929653055","0.346341053540001","0.659804712186811","4.03366827243692","4.03363074197755","0.301657167091132","2.10660076819473","0.054171204131139","0.126805120361607","4.93994512500119","34.7402589925258","0","0.000618509398777932","3.39326007512849e-05","9.47442730306478e-09","9.15484068437097e-07","2.19983776932282e-06","1.87416405947414e-05","0.000132447990903884","0.000478191012936121","0.00144854196031927","0.00283751574143127","0.0269091811530604","0.0269091716786331","0.00160454923153398","2.59421964274802","0.000191500575615367","0.000459449372341379","6.65764552228231","64.4381569095897","M","369"
0.00317331325217193,0.00155476479075861,0.00489437126909695,0.000670801635957044,0.00275229565958727,0.011650061247753,0.000399890119441955,0.00345499792976994,0.0040328225166837,0.00593019463582467,0.0019578872761162,0.00267951767444187,0.00379335901233575,0.00802235572689121,0.00706665664485762,"0","0.000769127812196026","0.0482438381507665","-3.14028906123156","-3.06250623194077","-2.97556065556651","-2.47234806075884","-0.0570189012724726","2.48725611537554","3.00293508142488","3.07604829926949","3.1408497049794","6.28113876621096","2.26180779181148","2940.74373068571","3.65530868694344","4.95960417613438","0.0159127526354542","-1.48243361756914","0","0.121665867186152","0.00532316958716323","0.000148388511774857","0.00143567084012748","0.00257242189976026","0.00928777779089328","0.0385423943684751","0.121751072379106","0.303055001249694","0.507408528101555","3.24303810073944","3.24288971222767","0.249565269076512","2.05123486848346","0.0519022108408574","0.112463294588213","5.27467689885121","39.7931883996341","0","0.000526740954795418","2.71192511096029e-05","2.3415216634204e-08","8.12990470455858e-07","2.34531790909002e-06","2.16933231814207e-05","0.000133964267688905","0.00044604214926164","0.00125059410850844","0.00235057904651466","0.0198672934719562","0.0198672700567396","0.00127142731214924","2.41376202206083","0.00019244084419794","0.00042434882608022","6.29956141534313","58.5660846985177","M","374"
0.0133396120299108,0.00226507561900082,0.0276853060504231,0.00586011745041883,0.00635109411828751,0.0388689908645123,0.000806219797758001,0.00486679360603778,0.00222687743208332,0.0564901536596059,0.00700304893791752,0.0052600549088708,0.00390977364311671,0.0174278905011869,0.0571025188802547,"0","0.0570043392369752","0.0564997942554751","-3.1415746036455","-3.06124909729194","-2.93901349022234","-2.21172562577472","0.0944455654746884","2.36621332403511","2.9363483691131","3.04999028788576","3.14115835525118","6.28273295889668","2.19332754362473","38.4765014906454","3.39675043512308","4.57793894980983","-0.0459152562203215","-1.46168669803047","0","0.0687139499154364","0.00332369360942617","4.46774193290419e-05","0.000899183756088707","0.00146189104482865","0.00743143985925708","0.0268360470451995","0.0749455016811527","0.174202976700505","0.263110820763319","1.62307389677182","1.62302921935249","0.129026111266193","1.87772805121784","0.0362978563075641","0.0675140618218956","5.19139491832475","38.753137261677","0","0.000263871348832341","1.29273557886192e-05","5.18561036511404e-08","8.55697199509601e-07","1.7095900051612e-06","1.55561448107565e-05","8.60668993588152e-05","0.000273492291654997","0.000695882785104737","0.00119179493251452","0.00479831765080678","0.00479826579470313","0.000501841217141557","1.90184049675062","0.000120987153383198","0.000257936146844241","4.07323960821024","21.9755597785434","F","382"
0.00081245243373645,0.000529877419513481,0.00203536883895757,0.00994577506257318,0.0135469734344914,0.00577285713924583,0.00186593951004417,0.000865831099425451,0.00390392552114472,0.0079369220543578,0.0068547907015991,0.0062226309052233,0.000840973601673019,0.000926245092189693,0.00591118846317804,"0","-0.0825672348391414","0.0554856838477104","-3.14068420127328","-3.06376098601226","-2.94531929351195","-2.35203695387953","-0.139579370402347","2.19224809238458","2.93047055245435","3.03743157474255","3.14152888578707","6.28221308706035","2.2048142542908","-26.7032589693267","3.35138322630231","4.5442850462641","0.0607374625018969","-1.47945986896005","0","0.121928136236137","0.00596080634592972","0.000115156650477023","0.00178990068779679","0.00287773344005977","0.0116237478310357","0.0493745114850893","0.130317601593403","0.275197262145202","0.483647755931969","3.17305526340086","3.17294010675039","0.23686237398902","1.94263917501611","0.0649838394574169","0.118693853762368","5.45901707679425","43.6464164485304","0","0.000499074074226785","2.97599128744655e-05","4.7927277900505e-08","1.48061707459963e-06","3.34556963447753e-06","2.48701549391922e-05","0.000151073046815742","0.000475949681359482","0.00116035091611985","0.00211740174168315","0.0171499114299336","0.0171498635026557","0.00118255873518952","2.36950544269737","0.000214433752884652","0.00045107952642029","6.76344865011252","62.8402460156435","F","401"
0.000315428810636214,0.00091149422485828,0.00138885896579055,0.000645064413846185,0.00723131845662331,0.00625493495629374,0.00218413541868145,0.00104411020631822,0.00529206675467943,0.0030360290095955,0.00362792089717858,0.00473387309774758,0.00134296349339404,0.00888196272984319,0.0100906522305394,"0","-0.0440253773600195","0.0449573922383127","-3.14097854400005","-3.08316943016577","-3.0177091027783","-2.53524463814301","-0.0595592653544946","2.47845376484847","3.02309097547138","3.09114018675035","3.14152331541877","6.28250185941882","2.28133849437977","-51.8187152769645","3.7159892104139","5.01369840299149","0.0344106963203443","-1.47843436790083","0","0.17605872596219","0.00777264724964433","6.1957667601997e-05","0.00188984681226837","0.0038464521711562","0.0139127451461658","0.0520863222669794","0.166874868791214","0.448219401729284","0.71177688156158","6.88223791511001","6.88217595744241","0.394418770551763","2.24026823093374","0.0680893313116046","0.152962123645048","6.8212832003397","71.1854561547504","0","0.000779437556380427","4.74052231548648e-05","9.92151336652116e-09","1.48430920131708e-06","4.04811017260493e-06","2.89159857896455e-05","0.000169550943124532","0.000620648185129317","0.00175913392096267","0.00323028391830718","0.0453457560943902","0.0453457461728768","0.00240555234708861","3.08626692080322","0.000240315479356161","0.000591732199339672","10.0435666147712","140.863342635431","F","402"
0.000559348552804627,0.000591847282974789,0.00165384038439987,0.00198399125728053,0.00127458125821839,0.0028917865379854,0.0017073846946581,0.00257294693508906,0.0106919702010759,0.0139379274609987,0.00225467684145925,0.00727116764823688,0.00690021189586425,0.017600028032946,0.0031747411746342,"0","-0.0586555569562286","0.0416128268573307","-3.14153032057939","-3.09109589993064","-3.01491233123975","-2.53456726862194","-0.0622567850283948","2.41521467407509","3.0274333743102","3.09325023696659","3.14144450231068","6.28297482289007","2.25401745145789","-38.4280291318338","3.67141432331695","4.94978194269703","0.0457850717496494","-1.43076564897356","0","0.0927375096032923","0.00382054449409225","0.000114542214236958","0.00172067210946964","0.00318716193216727","0.00880720821587812","0.0280655310290922","0.0856722502989776","0.222456946787122","0.389072373165239","4.09547185487113","4.0953573126569","0.206945180467552","2.23151539601194","0.0352934364637951","0.0768650420830995","7.13763878780235","85.5915914372895","0","0.000409804095889547","2.27176983728487e-05","5.21822461823569e-08","8.14613795264539e-07","1.99534917479314e-06","1.45609430234708e-05","8.62434682556622e-05","0.000305333075427271","0.000909054494635144","0.00173555165102809","0.0280519836427299","0.0280519314604837","0.00123053617013132","3.00274248713947","0.000122766399251294","0.0002907721324038","9.4612470549173","137.159884743713","M","407"
0.00498778759296363,0.00176492544564498,0.0115003406761124,0.00324493083560868,0.00561356427760887,0.0236908328672168,0.0171459128321764,0.0136953481017452,0.0154118106734273,0.0142044399075732,0.0175446829322305,0.0117403203137929,0.026842181664006,0.0091835095164156,0.0144610622533077,"0","-0.0632118212081139","0.0683160560853451","-3.13997613910508","-3.09912699255856","-3.05543466345499","-2.57363197670183","-0.0633413710881654","2.41360858493181","3.04449335540206","3.10095979869226","3.14150425382785","6.28148039293294","2.25856642282848","-35.7301273664073","3.68133741607623","4.98724056163364","0.0432591384299191","-1.40532497293057","0","0.100769825399449","0.0067842116611955","0.000155086015259646","0.0018169002262508","0.00310002050439191","0.00970426881028502","0.0369470843446192","0.0947104370905301","0.222395345957208","0.381974237603642","3.532792174406","3.53263708839074","0.224289772292995","2.2257632322366","0.0473519960046376","0.085006168280245","6.7854612347741","69.1964454894496","0","0.000430358581522371","3.5771403051659e-05","1.42434457134454e-08","8.14441478565654e-07","2.54184655653958e-06","1.76738132105946e-05","0.000110001068485917","0.000352131359776098","0.000987966709170223","0.00161145315712305","0.0176568556594275","0.0176568414159817","0.00118262227738982","2.7479927859376","0.00015671609758275","0.000334457546565503","8.01488841920106","89.2841812013439","M","417"
0.00269797202428745,0.00387667102602587,0.00253259536009542,0.00319386181307374,0.00403325434939563,0.0019019800690615,0.00648582069498022,0.00328220576087345,0.0166069920504219,0.0188730247900302,0.00467772569360124,0.014710417631674,0.00410247335355184,0.0366008947339466,0.0366481542673014,"0","0.0358149796490306","0.0454461417718392","-3.1411736771446","-3.09146172378568","-3.02587628060806","-2.4296295130651","0.0425898561503071","2.48793554813085","3.02044931722018","3.08983433391959","3.14153077776311","6.28270445490771","2.25084605652492","62.8464982692193","3.65667004266239","4.91756506119596","-0.028641800103986","-1.42533160633939","0","0.106287530696448","0.00461271792670957","5.64903935694734e-05","0.00118402242778219","0.00240423981571391","0.0077498173636971","0.0330030388739802","0.104749778825272","0.274085975138461","0.444725782264857","3.29816254614435","3.29810605575078","0.22845763249433","2.14943023887527","0.0434766180084912","0.0969999614615748","6.35787578104928","60.4805537079628","0","0.000464886761792002","2.67207548563286e-05","2.75873592421264e-08","8.45126217802758e-07","2.22339619646338e-06","1.57172225661635e-05","9.66508765554543e-05","0.000350989592034848","0.00104369814740341","0.00212329688014738","0.0253549495313101","0.0253549219439509","0.00132341940043423","2.84675647749752","0.000138227948989146","0.000335272369468684","8.51567390787345","108.297676000068","F","428"
0.000415707872178214,0.0012039062558314,0.00157728101278522,0.00453874888416665,0.00116704808723581,0.00587001917424257,0.00057247234714186,0.00191822948749153,0.00778285659322676,0.00631455721994875,0.00207903030393285,0.00105487682675969,0.0091307897063365,0.0109913061457663,0.00271083886376705,"0","0.0632201296418725","0.0439324414530679","-3.14094122912412","-3.06146239783514","-2.9742777372495","-2.37374728854509","0.0615157385430627","2.48761829628947","2.98945445808628","3.07238695397783","3.1408698981588","6.28181112728292","2.2474353119223","35.549362594691","3.59972796337347","4.86136558483456","-0.041057269187785","-1.47916743265156","0","0.107873373898595","0.0050406770027748","3.36091995238387e-05","0.00161708853281066","0.00307559254994077","0.00933004610716623","0.0322418121553477","0.0992852045551906","0.259039228581787","0.422284786362922","5.84543613762272","5.84540252842319","0.257864009313774","2.3904324115808","0.0413965395690994","0.0899551584480244","8.5259868061041","124.788963584731","0","0.000477112732781176","3.02709154473559e-05","4.42773668247928e-08","1.14182327984969e-06","2.48622987664371e-06","1.91847708211345e-05","9.84592804206284e-05","0.000350130981105512","0.00106574425577839","0.00195730983626436","0.0333176492045491","0.0333176049271823","0.00154855778669344","3.24568530725772","0.000140107430370168","0.000330946210284377","11.7280465446526","194.031429521362","F","430"
0.000849023592772056,0.00857791731888895,0.00711487572283951,0.00254878819147279,0.0138966393907429,0.0139021791549904,0.00276265539573669,0.0199007245347198,0.0119427583450022,0.002299982654116,0.000897841256374712,0.00834290711498406,0.0158458694728067,0.0198394631206256,0.0267165647115502,"0","0.013844435786644","0.0446646358881086","-3.14050424266116","-3.05717155300231","-2.94438273647573","-2.31668287726167","0.0600619604524533","2.29111674525246","2.96848363690815","3.06106708556211","3.14069091821452","6.28119516087568","2.21574411638204","160.045822778825","3.43137745971705","4.60779962251413","-0.0162300264565972","-1.47541867344402","0","0.0848056711686512","0.00386512618598116","8.26169445228885e-05","0.00133433062692983","0.00246498860366886","0.0073851896664233","0.0249125860505729","0.0772094866254627","0.195312352781538","0.358832419871359","2.67198138114029","2.67189876419577","0.191742984922485","2.26096889842626","0.0319808584403853","0.0698242969590394","6.0797141112172","50.7218847198444","0","0.00036871147123261","3.01725741507436e-05","4.60024291666285e-09","7.19523506662949e-07","1.85196001211702e-06","1.37217357486352e-05","7.31805570471691e-05","0.00027225837366645","0.000869698979683207","0.00148034404311394","0.0606271613543218","0.0606271567540789","0.00149681514964304","4.0595838926279","0.000104833860998599","0.000258536637917815","27.8376722789147","1072.52019877497","F","432"
